Edgelord Zuko,
Grandorman,
MrNuvas,
InvictusCobra,
Wolf,
Lomb,
Zenboy,
Ravioli,
Drothdarr,
Valkirius,
Ultimategod,
Nuvas,
ToBeto,
Reinventing,
Romas,
Boga,
Xerocar,
Jondesu,
Pote,
UnpopularOnion,
TheZethro,
Bernas,
TheZileanGod,
DeadlyScribe,
Etiel,
Semon,
Shidoki,
ChiefJ,
Dodompa,
RektEish,
Kirito,
Nyuu,
Samukas21,
IAZAD,
Renas21,
Spoon,
Smiley,
DanteR3dgrave,
HTC,
Filipe,
CheeseHoka,
Shadowsborn,
DatGuyJota,
xmourexx,
ORO | Seifer,
Vold,
FreeDom,
MGL TemÃ­vel,
Dollinhos,
ChloeScript,
Lomb [L],
ZF | Coxo [L],
LodanZark,
F8W | EdgelordZuko,
cmcof,
EagleR1904,
Seifer,
Gangrus,
Sens',
Gon Vieira,
BadCat,
F8W | Zenboy,
Dazai,
Prof. Filfolfal,
VTN | Jacka,
Didelfray,
TBP | AbelSame,
LusitanCat,
DefuseTibetano,
DefuseTibetano [L],
â„¢,
Soonâ„¢,
SoonğŸ,
SoonğŸğŸğŸğŸğŸ,
SoonğŸğŸğŸğŸğŸğŸ…,
JFSL,
Jogador 1,
Jogador 2,
